<?xml version="1.0" encoding="UTF-8"?>
<hibernate-configuration>
	<session-factory>

		<!-- Database Connection Settings -->
		<property name="connection.driver_class">com.mysql.cj.jdbc.Driver</property>
		<property name="connection.url">jdbc:mysql://localhost:3306/db_edureka</property>
		<property name="connection.username">root</property>
		<property name="connection.password">root</property>
		
		<!-- Hibernate Properties -->
		<property name="dialect">org.hibernate.dialect.MySQL8Dialect</property>
		<property name="show_sql">true</property>
		<property name="hbm2ddl.auto">update</property>
		<property name="hibernate.cache.use_second_level_cache">true</property>
		<property name="cache.provider_class">org.hibernate.cache.EhCacheProvider</property>
		<property name="hibernate.cache.region.factory_class">org.hibernate.cache.ehcache.EhCacheRegionFactory</property>
		
		<!-- Mapping Resources -->
		<mapping class="co.edureka.hibernate.entity.Faculty"/>
		<mapping class="co.edureka.hibernate.entity.Batch"/>
		<mapping class="co.edureka.hibernate.entity.Product"/>
		<mapping resource="student.hbm.xml"/>

	</session-factory>
</hibernate-configuration>
		